what,kind,bundleId,bundleVersion,description,time
started,bundle,org.eclipse.ecf,3.1.300.v20110531-2218,"org.eclipse.ecf",1354636007031
started,bundle,org.eclipse.ecf.provider.filetransfer.httpclient,4.0.0.v20110531-2218,"org.eclipse.ecf.provider.filetransfer.httpclient",1354636007091
started,bundle,org.eclipse.ecf.provider.filetransfer,3.2.0.v20110531-2218,"org.eclipse.ecf.provider.filetransfer",1354636007093
deactivated,workbench,org.eclipse.ui.workbench,3.7.0.I20110519-0100,"",1354636007584
activated,workbench,org.eclipse.ui.workbench,3.7.0.I20110519-0100,"",1354636008768
deactivated,workbench,org.eclipse.ui.workbench,3.7.0.I20110519-0100,"",1354636009440
started,bundle,org.eclipse.equinox.p2.ui,2.1.0.v20110601,"org.eclipse.equinox.p2.ui",1354636009548
started,bundle,org.eclipse.equinox.p2.ui.sdk,1.0.200.v20110502-1955,"org.eclipse.equinox.p2.ui.sdk",1354636009604
started,bundle,org.eclipse.ui.browser,3.3.100.v20110426,"org.eclipse.ui.browser",1354636054413
opened,editor,org.eclipse.ui.browser,3.3.100.v20110426,"org.eclipse.ui.browser.editor",1354636054704
activated,editor,org.eclipse.ui.browser,3.3.100.v20110426,"org.eclipse.ui.browser.editor",1354636054721
activated,workbench,org.eclipse.ui.workbench,3.7.0.I20110519-0100,"",1354636055336
executed,command,org.eclipse.epp.mpc.ui,1.1.0.I20110525-0742,"org.eclipse.epp.mpc.ui.command.showMarketplaceWizard",1354636055363
activated,editor,org.python.pydev,2.7.1.2012100913,"org.python.pydev.editor.PythonEditor",1354636059979
activated,editor,org.eclipse.ui.browser,3.3.100.v20110426,"org.eclipse.ui.browser.editor",1354636060823
deactivated,workbench,org.eclipse.ui.workbench,3.7.0.I20110519-0100,"",1354636068007
activated,workbench,org.eclipse.ui.workbench,3.7.0.I20110519-0100,"",1354636073488
activated,editor,org.python.pydev,2.7.1.2012100913,"org.python.pydev.editor.PythonEditor",1354636122383
closed,editor,org.eclipse.ui.browser,3.3.100.v20110426,"org.eclipse.ui.browser.editor",1354636122427
closed,workbench,org.eclipse.ui.workbench,3.7.0.I20110519-0100,"",1354636124271
started,bundle,org.eclipse.compare,3.5.200.I20110525-0800,"org.eclipse.compare",1354636124956
stopped,bundle,org.eclipse.cdt.build.crossgcc,1.0.0.201106081058,"org.eclipse.cdt.build.crossgcc",1354636126150
stopped,bundle,org.eclipse.cdt.codan.checkers,1.0.0.201106081058,"org.eclipse.cdt.codan.checkers",1354636126151
stopped,bundle,org.eclipse.cdt.codan.checkers.ui,1.0.0.201106081058,"org.eclipse.cdt.codan.checkers.ui",1354636126151
stopped,bundle,org.eclipse.cdt.codan.ui.cxx,2.0.0.201106081058,"org.eclipse.cdt.codan.ui.cxx",1354636126152
stopped,bundle,org.eclipse.cdt.codan.core.cxx,1.0.0.201106081058,"org.eclipse.cdt.codan.core.cxx",1354636126152
stopped,bundle,org.eclipse.cdt.launch.remote,2.3.0.201106081058,"org.eclipse.cdt.launch.remote",1354636126152
stopped,bundle,org.eclipse.cdt.debug.mi.ui,6.1.0.201106081058,"org.eclipse.cdt.debug.mi.ui",1354636126152
stopped,bundle,org.eclipse.cdt.debug.mi.core,7.1.0.201106081058,"org.eclipse.cdt.debug.mi.core",1354636126152
stopped,bundle,org.eclipse.cdt.debug.ui.memory.memorybrowser,1.2.100.201106081058,"org.eclipse.cdt.debug.ui.memory.memorybrowser",1354636126152
stopped,bundle,org.eclipse.cdt.debug.ui.memory.search,1.2.0.201106081058,"org.eclipse.cdt.debug.ui.memory.search",1354636126152
stopped,bundle,org.eclipse.cdt.dsf.gdb.ui,2.2.0.201106081058,"org.eclipse.cdt.dsf.gdb.ui",1354636126152
stopped,bundle,org.eclipse.cdt.dsf.ui,2.2.0.201106081058,"org.eclipse.cdt.dsf.ui",1354636126152
stopped,bundle,org.eclipse.cdt.gdb.ui,7.0.0.201106081058,"org.eclipse.cdt.gdb.ui",1354636126152
stopped,bundle,org.eclipse.cdt.dsf.gdb,4.0.0.201106081058,"org.eclipse.cdt.dsf.gdb",1354636126152
stopped,bundle,org.eclipse.cdt.launch,7.0.0.201106081058,"org.eclipse.cdt.launch",1354636126152
stopped,bundle,org.eclipse.cdt.debug.ui,7.1.0.201106081058,"org.eclipse.cdt.debug.ui",1354636126152
stopped,bundle,org.eclipse.cdt.debug.ui.memory.traditional,1.2.0.201106081058,"org.eclipse.cdt.debug.ui.memory.traditional",1354636126153
stopped,bundle,org.eclipse.cdt.dsf,2.2.0.201106081058,"org.eclipse.cdt.dsf",1354636126154
stopped,bundle,org.eclipse.cdt.debug.core,7.1.0.201106081058,"org.eclipse.cdt.debug.core",1354636126154
stopped,bundle,org.eclipse.linuxtools.cdt.autotools.ui,1.0.1.201106060936,"org.eclipse.linuxtools.cdt.autotools.ui",1354636126154
stopped,bundle,org.eclipse.linuxtools.cdt.autotools.core,1.0.1.201106060936,"org.eclipse.linuxtools.cdt.autotools.core",1354636126154
stopped,bundle,org.eclipse.cdt.managedbuilder.ui,8.0.0.201106081058,"org.eclipse.cdt.managedbuilder.ui",1354636126154
stopped,bundle,org.eclipse.cdt.make.ui,7.1.0.201106081058,"org.eclipse.cdt.make.ui",1354636126154
stopped,bundle,org.eclipse.cdt.managedbuilder.gnu.ui,8.0.0.201106081058,"org.eclipse.cdt.managedbuilder.gnu.ui",1354636126154
stopped,bundle,org.eclipse.cdt.msw.build,1.0.0.201106081058,"org.eclipse.cdt.msw.build",1354636126154
stopped,bundle,org.eclipse.cdt.managedbuilder.core,8.0.0.201106081058,"org.eclipse.cdt.managedbuilder.core",1354636126459
stopped,bundle,org.eclipse.cdt.make.core,7.1.0.201106081058,"org.eclipse.cdt.make.core",1354636126460
stopped,bundle,org.eclipse.cdt.mylyn.ui,3.6.0.v20110608-1400,"org.eclipse.cdt.mylyn.ui",1354636126460
stopped,bundle,org.eclipse.cdt.codan.ui,2.0.0.201106081058,"org.eclipse.cdt.codan.ui",1354636126460
stopped,bundle,org.eclipse.cdt.ui,5.3.0.201106081058,"org.eclipse.cdt.ui",1354636126508
stopped,bundle,org.eclipse.cdt.core,5.3.0.201106081058,"org.eclipse.cdt.core",1354636126528
stopped,bundle,org.eclipse.compare.win32,1.0.200.I20110510-0800,"org.eclipse.compare.win32",1354636126528
stopped,bundle,org.eclipse.egit.ui,1.0.0.201106090707-r,"org.eclipse.egit.ui",1354636126528
stopped,bundle,org.eclipse.equinox.p2.ui.sdk,1.0.200.v20110502-1955,"org.eclipse.equinox.p2.ui.sdk",1354636126532
stopped,bundle,org.eclipse.rse.importexport,1.2.200.v201105021534,"org.eclipse.rse.importexport",1354636126532
stopped,bundle,org.eclipse.rse.subsystems.shells.telnet,1.2.200.v201101042155,"org.eclipse.rse.subsystems.shells.telnet",1354636126532
stopped,bundle,org.eclipse.rse.shells.ui,3.0.300.v201103141607,"org.eclipse.rse.shells.ui",1354636126532
stopped,bundle,org.eclipse.rse.files.ui,3.2.0.v201105021534,"org.eclipse.rse.files.ui",1354636126532
stopped,bundle,org.eclipse.rse.processes.ui,3.0.300.v201101042155,"org.eclipse.rse.processes.ui",1354636126532
stopped,bundle,com.python.pydev.codecompletion,2.7.1.2012100913,"com.python.pydev.codecompletion",1354636126532
stopped,bundle,com.python.pydev.refactoring,2.7.1.2012100913,"com.python.pydev.refactoring",1354636126532
stopped,bundle,com.python.pydev.analysis,2.7.1.2012100913,"com.python.pydev.analysis",1354636126532
stopped,bundle,com.python.pydev.debug,2.7.1.2012100913,"com.python.pydev.debug",1354636126532
stopped,bundle,com.python.pydev.fastparser,2.7.1.2012100913,"com.python.pydev.fastparser",1354636126532
stopped,bundle,org.python.pydev.red_core,2.7.1.2012100913,"org.python.pydev.red_core",1354636126532
stopped,bundle,com.python.pydev,2.7.1.2012100913,"com.python.pydev",1354636126532
stopped,bundle,org.python.pydev.django,2.7.1.2012100913,"org.python.pydev.django",1354636126532
stopped,bundle,org.python.pydev.customizations,2.7.1.2012100913,"org.python.pydev.customizations",1354636126533
stopped,bundle,org.python.pydev.debug,2.7.1.2012100913,"org.python.pydev.debug",1354636126551
stopped,bundle,org.python.pydev.mylyn,0.4,"org.python.pydev.mylyn",1354636126551
stopped,bundle,org.python.pydev.refactoring,2.7.1.2012100913,"org.python.pydev.refactoring",1354636126551
stopped,bundle,org.python.pydev,2.7.1.2012100913,"org.python.pydev",1354636126556
stopped,bundle,org.eclipse.search,3.7.0.v20110505-0800,"org.eclipse.search",1354636126614
stopped,bundle,org.eclipse.mylyn.commons.team,0.8.0.v20110608-1400,"org.eclipse.mylyn.commons.team",1354636126615
stopped,bundle,org.eclipse.mylyn.team.ui,3.6.0.v20110608-1400,"org.eclipse.mylyn.team.ui",1354636126617
stopped,bundle,org.eclipse.ui.navigator.resources,3.4.300.I20110421-1800,"org.eclipse.ui.navigator.resources",1354636126618
stopped,bundle,org.eclipse.ltk.ui.refactoring,3.6.0.v20110505-0800,"org.eclipse.ltk.ui.refactoring",1354636126618
stopped,bundle,org.eclipse.mylyn.bugzilla.ui,3.6.0.v20110608-1400,"org.eclipse.mylyn.bugzilla.ui",1354636126618
stopped,bundle,org.eclipse.mylyn.ide.ui,3.6.0.v20110608-1400,"org.eclipse.mylyn.ide.ui",1354636126619
stopped,bundle,org.eclipse.mylyn.resources.ui,3.6.0.v20110608-1400,"org.eclipse.mylyn.resources.ui",1354636126619
stopped,bundle,org.eclipse.mylyn.wikitext.tasks.ui,1.5.0.v20110608-1400,"org.eclipse.mylyn.wikitext.tasks.ui",1354636126619
stopped,bundle,org.eclipse.mylyn.context.ui,3.6.0.v20110608-1400,"org.eclipse.mylyn.context.ui",1354636126620
stopped,bundle,org.eclipse.mylyn.help.ui,3.6.0.v20110608-1400,"org.eclipse.mylyn.help.ui",1354636126620
stopped,bundle,org.eclipse.mylyn.tasks.bugs,3.6.0.v20110608-1400,"org.eclipse.mylyn.tasks.bugs",1354636126620
stopped,bundle,org.eclipse.mylyn.tasks.ui,3.6.0.v20110608-1400,"org.eclipse.mylyn.tasks.ui",1354636126622
stopped,bundle,org.eclipse.team.cvs.ui,3.3.400.I20110510-0800,"org.eclipse.team.cvs.ui",1354636126623
stopped,bundle,org.eclipse.team.ui,3.6.100.I20110525-0800,"org.eclipse.team.ui",1354636126623
stopped,bundle,org.eclipse.compare,3.5.200.I20110525-0800,"org.eclipse.compare",1354636126623
stopped,bundle,org.eclipse.cdt.debug.ui.memory.transport,2.1.0.201106081058,"org.eclipse.cdt.debug.ui.memory.transport",1354636126623
stopped,bundle,org.eclipse.ui.externaltools,3.2.0.v20110506,"org.eclipse.ui.externaltools",1354636126623
stopped,bundle,com.aptana.interactive_console,2.7.1.2012100913,"com.aptana.interactive_console",1354636126623
stopped,bundle,org.eclipse.debug.ui,3.7.0.v20110518,"org.eclipse.debug.ui",1354636126692
stopped,bundle,org.eclipse.mylyn.wikitext.ui,1.5.0.v20110608-1400,"org.eclipse.mylyn.wikitext.ui",1354636126692
stopped,bundle,org.eclipse.rse.subsystems.files.dstore,2.1.200.v201103011700,"org.eclipse.rse.subsystems.files.dstore",1354636126692
stopped,bundle,org.eclipse.rse.subsystems.processes.dstore,2.1.300.v201101042155,"org.eclipse.rse.subsystems.processes.dstore",1354636126692
stopped,bundle,org.eclipse.rse.subsystems.shells.dstore,2.1.300.v201101042155,"org.eclipse.rse.subsystems.shells.dstore",1354636126692
stopped,bundle,org.eclipse.rse.connectorservice.dstore,3.1.200.v201103141607,"org.eclipse.rse.connectorservice.dstore",1354636126692
stopped,bundle,org.eclipse.rse.subsystems.files.local,2.1.200.v201101042155,"org.eclipse.rse.subsystems.files.local",1354636126693
stopped,bundle,org.eclipse.rse.subsystems.processes.local,2.1.300.v201101042155,"org.eclipse.rse.subsystems.processes.local",1354636126693
stopped,bundle,org.eclipse.rse.subsystems.shells.local,2.1.300.v201101042155,"org.eclipse.rse.subsystems.shells.local",1354636126693
stopped,bundle,org.eclipse.rse.connectorservice.local,2.1.300.v201101042155,"org.eclipse.rse.connectorservice.local",1354636126693
stopped,bundle,org.eclipse.rse.subsystems.files.ssh,2.1.200.v201101042155,"org.eclipse.rse.subsystems.files.ssh",1354636126695
stopped,bundle,org.eclipse.rse.subsystems.shells.ssh,2.1.300.v201101042155,"org.eclipse.rse.subsystems.shells.ssh",1354636126696
stopped,bundle,org.eclipse.rse.subsystems.terminals.ssh,1.0.100.v201101042155,"org.eclipse.rse.subsystems.terminals.ssh",1354636126696
stopped,bundle,org.eclipse.rse.connectorservice.ssh,2.1.200.v201101042155,"org.eclipse.rse.connectorservice.ssh",1354636126696
stopped,bundle,org.eclipse.rse.connectorservice.telnet,1.2.200.v201101042155,"org.eclipse.rse.connectorservice.telnet",1354636126696
stopped,bundle,org.eclipse.rse.dstore.security,3.0.300.v201103141607,"org.eclipse.rse.dstore.security",1354636126696
stopped,bundle,org.eclipse.rse.efs,2.1.300.v201101042155,"org.eclipse.rse.efs",1354636126696
stopped,bundle,org.eclipse.rse.subsystems.files.ftp,2.1.300.v201101042155,"org.eclipse.rse.subsystems.files.ftp",1354636126696
stopped,bundle,org.eclipse.rse.subsystems.shells.core,3.1.200.v201105311250,"org.eclipse.rse.subsystems.shells.core",1354636126696
stopped,bundle,org.eclipse.rse.subsystems.files.core,3.2.100.v201105021534,"org.eclipse.rse.subsystems.files.core",1354636126696
stopped,bundle,org.eclipse.rse.subsystems.processes.shell.linux,1.1.300.v201101042155,"org.eclipse.rse.subsystems.processes.shell.linux",1354636126696
stopped,bundle,org.eclipse.rse.subsystems.processes.core,3.1.200.v201101042155,"org.eclipse.rse.subsystems.processes.core",1354636126696
stopped,bundle,org.eclipse.rse.terminals.ui,1.1.0.v201101042155,"org.eclipse.rse.terminals.ui",1354636126696
stopped,bundle,org.eclipse.rse.ui,3.2.0.v201105311250,"org.eclipse.rse.ui",1354636126696
stopped,bundle,org.python.pydev.jython,2.7.1.2012100913,"org.python.pydev.jython",1354636126697
stopped,bundle,org.python.pydev.parser,2.7.1.2012100913,"org.python.pydev.parser",1354636126697
stopped,bundle,org.python.pydev.core,2.7.1.2012100913,"org.python.pydev.core",1354636126697
stopped,bundle,org.eclipse.ui.console,3.5.100.v20110511,"org.eclipse.ui.console",1354636126698
stopped,bundle,org.eclipse.mylyn.commons.ui,3.6.0.v20110608-1400,"org.eclipse.mylyn.commons.ui",1354636126698
stopped,bundle,org.eclipse.ui.editors,3.7.0.v20110517-0800,"org.eclipse.ui.editors",1354636126698
stopped,bundle,com.aptana.shared_core,2.7.1.2012100913,"com.aptana.shared_core",1354636126698
stopped,bundle,org.eclipse.ui.workbench.texteditor,3.7.0.v20110505-0800,"org.eclipse.ui.workbench.texteditor",1354636126699
stopped,bundle,org.eclipse.compare.core,3.5.200.I20110208-0800,"org.eclipse.compare.core",1354636126699
stopped,bundle,org.eclipse.rse.services.dstore,3.1.200.v201105231310,"org.eclipse.rse.services.dstore",1354636126699
stopped,bundle,org.eclipse.dstore.core,3.3.0.v201105311250,"org.eclipse.dstore.core",1354636126699
stopped,bundle,org.eclipse.dstore.extra,2.1.300.v201101042155,"org.eclipse.dstore.extra",1354636126699
stopped,bundle,org.eclipse.epp.mpc.ui,1.1.0.I20110525-0742,"org.eclipse.epp.mpc.ui",1354636126700
stopped,bundle,org.eclipse.epp.usagedata.ui,1.3.1.R201106061540,"org.eclipse.epp.usagedata.ui",1354636126700
activated,perspective,org.python.pydev,,"org.python.pydev.ui.PythonPerspective",1354694583393
started,bundle,org.eclipse.osgi,3.7.0.v20110613,"org.eclipse.osgi",1354694583394
started,bundle,org.eclipse.equinox.simpleconfigurator,1.0.200.v20110502-1955,"org.eclipse.equinox.simpleconfigurator",1354694583394
started,bundle,com.ibm.icu,4.4.2.v20110208,"com.ibm.icu",1354694583394
started,bundle,org.eclipse.cdt.codan.checkers,1.0.0.201106081058,"org.eclipse.cdt.codan.checkers",1354694583394
started,bundle,org.eclipse.cdt.codan.core,2.0.0.201106081058,"org.eclipse.cdt.codan.core",1354694583394
started,bundle,org.eclipse.cdt.codan.core.cxx,1.0.0.201106081058,"org.eclipse.cdt.codan.core.cxx",1354694583394
started,bundle,org.eclipse.cdt.codan.ui.cxx,2.0.0.201106081058,"org.eclipse.cdt.codan.ui.cxx",1354694583394
started,bundle,org.eclipse.cdt.core,5.3.0.201106081058,"org.eclipse.cdt.core",1354694583394
started,bundle,org.eclipse.cdt.make.core,7.1.0.201106081058,"org.eclipse.cdt.make.core",1354694583394
started,bundle,org.eclipse.cdt.make.ui,7.1.0.201106081058,"org.eclipse.cdt.make.ui",1354694583394
started,bundle,org.eclipse.cdt.managedbuilder.core,8.0.0.201106081058,"org.eclipse.cdt.managedbuilder.core",1354694583394
started,bundle,org.eclipse.cdt.ui,5.3.0.201106081058,"org.eclipse.cdt.ui",1354694583394
started,bundle,org.eclipse.compare.core,3.5.200.I20110208-0800,"org.eclipse.compare.core",1354694583394
started,bundle,org.eclipse.core.contenttype,3.4.100.v20110423-0524,"org.eclipse.core.contenttype",1354694583394
started,bundle,org.eclipse.core.databinding.observable,1.4.0.I20110222-0800,"org.eclipse.core.databinding.observable",1354694583394
started,bundle,org.eclipse.core.expressions,3.4.300.v20110228,"org.eclipse.core.expressions",1354694583394
started,bundle,org.eclipse.core.filebuffers,3.5.200.v20110505-0800,"org.eclipse.core.filebuffers",1354694583394
started,bundle,org.eclipse.core.filesystem,1.3.100.v20110423-0524,"org.eclipse.core.filesystem",1354694583394
started,bundle,org.eclipse.core.jobs,3.5.100.v20110404,"org.eclipse.core.jobs",1354694583394
started,bundle,org.eclipse.core.net,1.2.100.I20110511-0800,"org.eclipse.core.net",1354694583394
started,bundle,org.eclipse.core.resources,3.7.100.v20110510-0712,"org.eclipse.core.resources",1354694583394
started,bundle,org.eclipse.core.runtime,3.7.0.v20110110,"org.eclipse.core.runtime",1354694583394
started,bundle,org.eclipse.core.runtime.compatibility,3.2.100.v20100505,"org.eclipse.core.runtime.compatibility",1354694583394
started,bundle,org.eclipse.core.runtime.compatibility.auth,3.2.200.v20110110,"org.eclipse.core.runtime.compatibility.auth",1354694583394
started,bundle,org.eclipse.core.variables,3.2.500.v20110511,"org.eclipse.core.variables",1354694583394
started,bundle,org.eclipse.debug.core,3.7.0.v20110518,"org.eclipse.debug.core",1354694583394
started,bundle,org.eclipse.debug.ui,3.7.0.v20110518,"org.eclipse.debug.ui",1354694583394
started,bundle,org.eclipse.egit.core,1.0.0.201106090707-r,"org.eclipse.egit.core",1354694583394
started,bundle,org.eclipse.egit.ui,1.0.0.201106090707-r,"org.eclipse.egit.ui",1354694583394
started,bundle,org.eclipse.epp.mpc.ui,1.1.0.I20110525-0742,"org.eclipse.epp.mpc.ui",1354694583394
started,bundle,org.eclipse.epp.usagedata.gathering,1.3.1.R201106061540,"org.eclipse.epp.usagedata.gathering",1354694583394
started,bundle,org.eclipse.epp.usagedata.recording,1.3.1.R201106061540,"org.eclipse.epp.usagedata.recording",1354694583394
started,bundle,org.eclipse.equinox.app,1.3.100.v20110321,"org.eclipse.equinox.app",1354694583394
started,bundle,org.eclipse.equinox.common,3.6.0.v20110523,"org.eclipse.equinox.common",1354694583394
started,bundle,org.eclipse.equinox.ds,1.3.0.v20110502,"org.eclipse.equinox.ds",1354694583394
started,bundle,org.eclipse.equinox.event,1.2.100.v20110502,"org.eclipse.equinox.event",1354694583394
started,bundle,org.eclipse.equinox.p2.core,2.1.0.v20110502-1955,"org.eclipse.equinox.p2.core",1354694583394
started,bundle,org.eclipse.equinox.p2.directorywatcher,1.0.300.v20110502-1955,"org.eclipse.equinox.p2.directorywatcher",1354694583394
started,bundle,org.eclipse.equinox.p2.engine,2.1.0.v20110511,"org.eclipse.equinox.p2.engine",1354694583394
started,bundle,org.eclipse.equinox.p2.metadata,2.1.0.v20110510,"org.eclipse.equinox.p2.metadata",1354694583394
started,bundle,org.eclipse.equinox.p2.metadata.repository,1.2.0.v20110511-1359,"org.eclipse.equinox.p2.metadata.repository",1354694583394
started,bundle,org.eclipse.equinox.p2.operations,2.1.0.v20110511-1821,"org.eclipse.equinox.p2.operations",1354694583394
started,bundle,org.eclipse.equinox.p2.reconciler.dropins,1.1.100.v20110510,"org.eclipse.equinox.p2.reconciler.dropins",1354694583394
started,bundle,org.eclipse.equinox.p2.repository,2.1.0.v20110601,"org.eclipse.equinox.p2.repository",1354694583394
started,bundle,org.eclipse.equinox.p2.ui.sdk.scheduler,1.0.100.v20110502-1955,"org.eclipse.equinox.p2.ui.sdk.scheduler",1354694583394
started,bundle,org.eclipse.equinox.p2.updatechecker,1.1.200.v20110502-1955,"org.eclipse.equinox.p2.updatechecker",1354694583394
started,bundle,org.eclipse.equinox.preferences,3.4.0.v20110502,"org.eclipse.equinox.preferences",1354694583394
started,bundle,org.eclipse.equinox.registry,3.5.100.v20110502,"org.eclipse.equinox.registry",1354694583394
started,bundle,org.eclipse.equinox.security,1.1.0.v20110502,"org.eclipse.equinox.security",1354694583394
started,bundle,org.eclipse.equinox.util,1.0.300.v20110502,"org.eclipse.equinox.util",1354694583394
started,bundle,org.eclipse.help,3.5.100.v20110426,"org.eclipse.help",1354694583394
started,bundle,org.eclipse.jface,3.7.0.I20110522-1430,"org.eclipse.jface",1354694583394
started,bundle,org.eclipse.jgit,1.0.0.201106090707-r,"org.eclipse.jgit",1354694583394
started,bundle,org.eclipse.jsch.core,1.1.300.I20110514-0800,"org.eclipse.jsch.core",1354694583394
started,bundle,org.eclipse.ltk.core.refactoring,3.5.200.v20110505-0800,"org.eclipse.ltk.core.refactoring",1354694583394
started,bundle,org.eclipse.ltk.ui.refactoring,3.6.0.v20110505-0800,"org.eclipse.ltk.ui.refactoring",1354694583394
started,bundle,org.eclipse.mylyn.bugzilla.core,3.6.0.v20110608-1400,"org.eclipse.mylyn.bugzilla.core",1354694583394
started,bundle,org.eclipse.mylyn.bugzilla.ui,3.6.0.v20110608-1400,"org.eclipse.mylyn.bugzilla.ui",1354694583394
started,bundle,org.eclipse.mylyn.commons.identity,0.8.0.v20110608-1400,"org.eclipse.mylyn.commons.identity",1354694583394
started,bundle,org.eclipse.mylyn.commons.net,3.6.0.v20110608-1400,"org.eclipse.mylyn.commons.net",1354694583394
started,bundle,org.eclipse.mylyn.commons.ui,3.6.0.v20110608-1400,"org.eclipse.mylyn.commons.ui",1354694583394
started,bundle,org.eclipse.mylyn.context.core,3.6.0.v20110608-1400,"org.eclipse.mylyn.context.core",1354694583394
started,bundle,org.eclipse.mylyn.context.ui,3.6.0.v20110608-1400,"org.eclipse.mylyn.context.ui",1354694583395
started,bundle,org.eclipse.mylyn.monitor.ui,3.6.0.v20110608-1400,"org.eclipse.mylyn.monitor.ui",1354694583395
started,bundle,org.eclipse.mylyn.tasks.ui,3.6.0.v20110608-1400,"org.eclipse.mylyn.tasks.ui",1354694583395
started,bundle,org.eclipse.mylyn.team.ui,3.6.0.v20110608-1400,"org.eclipse.mylyn.team.ui",1354694583395
started,bundle,org.eclipse.search,3.7.0.v20110505-0800,"org.eclipse.search",1354694583395
started,bundle,org.eclipse.team.core,3.6.0.I20110525-0800,"org.eclipse.team.core",1354694583395
started,bundle,org.eclipse.team.ui,3.6.100.I20110525-0800,"org.eclipse.team.ui",1354694583395
started,bundle,org.eclipse.ui,3.7.0.I20110602-0100,"org.eclipse.ui",1354694583395
started,bundle,org.eclipse.ui.console,3.5.100.v20110511,"org.eclipse.ui.console",1354694583395
started,bundle,org.eclipse.ui.editors,3.7.0.v20110517-0800,"org.eclipse.ui.editors",1354694583395
started,bundle,org.eclipse.ui.forms,3.5.100.v20110425,"org.eclipse.ui.forms",1354694583395
started,bundle,org.eclipse.ui.ide,3.7.0.I20110519-0100,"org.eclipse.ui.ide",1354694583395
started,bundle,org.eclipse.ui.navigator,3.5.100.I20110524-0800,"org.eclipse.ui.navigator",1354694583395
started,bundle,org.eclipse.ui.navigator.resources,3.4.300.I20110421-1800,"org.eclipse.ui.navigator.resources",1354694583395
started,bundle,org.eclipse.ui.net,1.2.100.I20110511-0800,"org.eclipse.ui.net",1354694583395
started,bundle,org.eclipse.ui.views,3.6.0.I20110412-0800,"org.eclipse.ui.views",1354694583395
started,bundle,org.eclipse.ui.workbench,3.7.0.I20110519-0100,"org.eclipse.ui.workbench",1354694583395
started,bundle,org.eclipse.ui.workbench.texteditor,3.7.0.v20110505-0800,"org.eclipse.ui.workbench.texteditor",1354694583395
started,bundle,org.eclipse.update.scheduler,3.2.300.v20100512,"org.eclipse.update.scheduler",1354694583396
started,bundle,com.aptana.interactive_console,2.7.1.2012100913,"com.aptana.interactive_console",1354694583396
started,bundle,com.aptana.shared_core,2.7.1.2012100913,"com.aptana.shared_core",1354694583396
started,bundle,com.python.pydev,2.7.1.2012100913,"com.python.pydev",1354694583396
started,bundle,com.python.pydev.analysis,2.7.1.2012100913,"com.python.pydev.analysis",1354694583396
started,bundle,com.python.pydev.codecompletion,2.7.1.2012100913,"com.python.pydev.codecompletion",1354694583396
started,bundle,com.python.pydev.refactoring,2.7.1.2012100913,"com.python.pydev.refactoring",1354694583782
started,bundle,org.python.pydev,2.7.1.2012100913,"org.python.pydev",1354694584012
started,bundle,org.python.pydev.core,2.7.1.2012100913,"org.python.pydev.core",1354694584052
started,bundle,org.python.pydev.debug,2.7.1.2012100913,"org.python.pydev.debug",1354694584160
started,bundle,org.python.pydev.django,2.7.1.2012100913,"org.python.pydev.django",1354694584192
started,bundle,org.python.pydev.parser,2.7.1.2012100913,"org.python.pydev.parser",1354694584300
started,bundle,org.python.pydev.red_core,2.7.1.2012100913,"org.python.pydev.red_core",1354694584342
started,bundle,org.python.pydev.refactoring,2.7.1.2012100913,"org.python.pydev.refactoring",1354694584727
os,sysinfo,,,"win32",1354694584739
arch,sysinfo,,,"x86",1354694584739
ws,sysinfo,,,"win32",1354694584739
locale,sysinfo,,,"zh_CN",1354694584739
processors,sysinfo,,,"2",1354694584739
java.runtime.name,sysinfo,,,"Java(TM) SE Runtime Environment",1354694584740
java.runtime.version,sysinfo,,,"1.7.0-b147",1354694584740
java.specification.name,sysinfo,,,"Java Platform API Specification",1354694584740
java.specification.vendor,sysinfo,,,"Oracle Corporation",1354694584740
java.specification.version,sysinfo,,,"1.7",1354694584740
java.vendor,sysinfo,,,"Oracle Corporation",1354694584740
java.version,sysinfo,,,"1.7.0",1354694584740
java.vm.info,sysinfo,,,"mixed mode, sharing",1354694584740
java.vm.name,sysinfo,,,"Java HotSpot(TM) Client VM",1354694584740
java.vm.specification.name,sysinfo,,,"Java Virtual Machine Specification",1354694584740
java.vm.specification.vendor,sysinfo,,,"Oracle Corporation",1354694584740
java.vm.specification.version,sysinfo,,,"1.7",1354694584740
java.vm.vendor,sysinfo,,,"Oracle Corporation",1354694584740
java.vm.version,sysinfo,,,"21.0-b17",1354694584740
started,bundle,org.python.pydev.jython,2.7.1.2012100913,"org.python.pydev.jython",1354694585000
opened,view,org.eclipse.ui.ide,3.7.0.I20110519-0100,"org.eclipse.ui.views.ProblemView",1354694587865
started,bundle,org.eclipse.team.cvs.core,3.3.400.I20110510-0800,"org.eclipse.team.cvs.core",1354694588773
started,bundle,org.eclipse.team.cvs.ui,3.3.400.I20110510-0800,"org.eclipse.team.cvs.ui",1354694589238
activated,view,org.python.pydev,2.7.1.2012100913,"org.python.pydev.navigator.view",1354698285268
opened,editor,org.python.pydev,2.7.1.2012100913,"org.python.pydev.editor.PythonEditor",1354698285414
activated,editor,org.python.pydev,2.7.1.2012100913,"org.python.pydev.editor.PythonEditor",1354698285446
started,bundle,org.eclipse.cdt.debug.core,7.1.0.201106081058,"org.eclipse.cdt.debug.core",1354698288828
started,bundle,org.eclipse.cdt.debug.ui,7.1.0.201106081058,"org.eclipse.cdt.debug.ui",1354698288856
started,bundle,org.eclipse.cdt.debug.mi.ui,6.1.0.201106081058,"org.eclipse.cdt.debug.mi.ui",1354698289393
started,bundle,org.eclipse.cdt.dsf,2.2.0.201106081058,"org.eclipse.cdt.dsf",1354698289701
